hour,coal_steam_tph,biomass_steam_tph,gas_steam_tph,waste_heat_steam_tph,solar_used_mw,grid_import_mw,flexible_load_mw,emissions_tco2e,cost_inr,electricity_balance_error_mw,constraint_status,binding_constraints,steam_min,steam_max,coal_min,coal_max,bio_min,bio_max,gas_min,gas_max,waste_min,waste_available,solar_min,solar_available,grid_min,grid_max,flex_min,flex_max,coal_ramp,bio_ramp,gas_ramp,waste_ramp
0,56.0000000106242,28.0,0.0,8.0,0.0,8.5,0.0,31.074000004494035,171460.000016255,0.0,PASS,steam_min; gas_min; waste_available; solar_min; solar_available; flex_min; flex_max; bio_ramp,1.06242055153416e-08,2.7599999893758067,31.0000000106242,33.9999999893758,8.0,37.0,0.0,45.0,8.0,0.0,0.0,0.0,8.5,13.5,0.0,0.0,6.000000010624198,0.0,45.0,20.0
1,46.0000000106242,33.9999999893758,0.0,8.0,0.0,8.2,0.0,26.60800000420718,163510.0000004781,0.0,PASS,steam_min; gas_min; waste_available; solar_min; solar_available; flex_min; flex_max; coal_ramp,0.0,2.6400000000000006,21.0000000106242,43.9999999893758,13.999999989375802,31.0000000106242,0.0,45.0,8.0,0.0,0.0,0.0,8.2,13.8,0.0,0.0,0.0,2.0000000106241984,45.0,20.0
2,43.687242824440574,34.312757175559426,0.0,8.0,0.0,8.0,0.0,25.32614815847847,159395.92592709983,0.0,PASS,steam_min; gas_min; waste_available; solar_min; solar_available; flex_min; flex_max,0.0,2.5799999999999983,18.687242824440574,46.312757175559426,14.312757175559426,30.687242824440574,0.0,45.0,8.0,0.0,0.0,0.0,8.0,14.0,0.0,0.0,7.6872428138163755,7.6872428138163755,45.0,20.0
3,41.687242824440574,34.312757175559426,0.0,8.0,0.0,8.1,0.0,24.39214815847847,156855.92592709983,0.0,PASS,steam_min; gas_min; waste_available; solar_min; solar_available; flex_min; flex_max,0.0,2.519999999999996,16.687242824440574,48.312757175559426,14.312757175559426,30.687242824440574,0.0,45.0,8.0,0.0,0.0,0.0,8.1,13.9,0.0,0.0,8.0,8.0,45.0,20.0
4,41.687242824440574,36.312757175559426,0.0,8.0,0.0,8.4,0.0,24.494148158478467,161385.92592709983,0.0,PASS,steam_min; gas_min; waste_available; solar_min; solar_available; flex_min; flex_max,0.0,2.5799999999999983,16.687242824440574,48.312757175559426,16.312757175559426,28.687242824440574,0.0,45.0,8.0,0.0,0.0,0.0,8.4,13.6,0.0,0.0,10.0,6.0,45.0,20.0
5,41.687242824440574,40.312757175559426,0.0,10.0,0.0,9.0,0.0,24.84214815847847,170445.92592709983,0.0,PASS,steam_min; gas_min; waste_available; solar_min; solar_available; flex_min; flex_max,0.0,2.760000000000005,16.687242824440574,48.312757175559426,20.312757175559426,24.687242824440574,0.0,45.0,10.0,0.0,0.0,0.0,9.0,13.0,0.0,0.0,10.0,4.0,45.0,18.0
6,41.687242824440574,46.312757175559426,0.0,12.0,0.5,9.3,0.0,25.02214815847847,195795.92592709983,0.0,PASS,steam_min; gas_min; waste_available; solar_available; flex_min,0.0,3.0,16.687242824440574,48.312757175559426,26.312757175559426,18.687242824440574,0.0,45.0,12.0,0.0,0.5,0.0,9.3,12.7,0.0,2.5,10.0,2.0,45.0,18.0
7,48.68724282444057,46.31275717555943,0.0,15.0,2.0,8.5,0.0,27.285148158478464,201065.9259270998,0.0,PASS,steam_min; gas_min; waste_available; solar_available; flex_min,0.0,3.3000000000000043,23.687242824440567,41.31275717555943,26.312757175559433,18.687242824440567,0.0,45.0,15.0,0.0,2.0,0.0,8.5,13.5,0.0,2.5,3.000000000000007,7.999999999999993,45.0,17.0
8,57.68724282444057,46.31275717555943,0.0,18.0,4.0,7.699999999999999,0.5,30.272148158478462,209395.9259270998,0.0,PASS,steam_min; gas_min; waste_available; solar_available; flex_min,0.0,3.6599999999999895,32.68724282444057,32.31275717555943,26.312757175559433,18.687242824440567,0.0,45.0,18.0,0.0,4.0,0.0,7.699999999999999,14.3,0.0,2.0,1.0,8.0,45.0,17.0
9,65.68724282444057,46.31275717555943,0.0,20.0,6.0,7.300000000000001,1.5,33.12414815847847,218915.92592709983,0.0,PASS,steam_min; gas_min; waste_available; solar_available,0.0,3.960000000000001,40.687242824440574,24.312757175559426,26.312757175559433,18.687242824440567,0.0,45.0,20.0,0.0,6.0,0.0,7.300000000000001,14.7,1.0,1.0,1.999999999999993,8.0,45.0,18.0
10,73.68724282444057,46.31275717555943,0.0,20.0,8.0,6.9,2.5,36.00814815847847,220155.92592709983,0.0,PASS,steam_min; gas_min; waste_available; solar_available; flex_max,0.0,4.20000000000001,48.687242824440574,16.312757175559426,26.312757175559433,18.687242824440567,0.0,45.0,20.0,0.0,8.0,0.0,6.9,15.1,2.0,0.0,2.0,8.0,45.0,20.0
11,82.0,44.0,0.0,20.0,9.5,5.800000000000001,2.5,38.658,223280.0,0.0,PASS,steam_min; gas_min; waste_available; solar_available; flex_max,0.0,4.3799999999999955,57.0,8.0,24.0,21.0,0.0,45.0,20.0,0.0,9.5,0.0,5.800000000000001,16.2,2.0,0.0,1.687242824440574,5.687242824440567,45.0,20.0
12,90.0,36.0,4.0,20.0,6.0,9.5,2.5,44.052,254600.0,0.0,PASS,steam_min; coal_max; waste_available; solar_available; flex_max; bio_ramp,0.0,4.5,65.0,0.0,16.0,29.0,4.0,41.0,20.0,0.0,6.0,0.0,9.5,12.5,2.0,0.0,2.0,0.0,41.0,20.0
13,90.0,28.0,10.0,20.0,5.7,10.0,2.5,44.926,260880.0,0.0,PASS,steam_min; coal_max; waste_available; solar_available; flex_max; bio_ramp,0.0,4.439999999999998,65.0,0.0,8.0,37.0,10.0,35.0,20.0,0.0,5.7,0.0,10.0,12.0,2.0,0.0,10.0,0.0,39.0,20.0
14,90.0,20.0,15.0,20.0,5.1,10.4,2.5,45.897999999999996,264040.0,0.0,PASS,steam_min; coal_max; bio_min; bio_max; waste_available; solar_available; flex_max; bio_ramp,0.0,4.349999999999994,65.0,0.0,0.0,0.0,15.0,30.0,20.0,0.0,5.1,0.0,10.4,11.6,2.0,0.0,10.0,0.0,40.0,20.0
15,90.0,20.0,14.0,18.0,4.2,11.0,2.5,46.35,264840.0,0.0,PASS,steam_min; coal_max; bio_min; bio_max; waste_available; solar_available; flex_max,0.0,4.259999999999991,65.0,0.0,0.0,0.0,14.0,31.0,18.0,0.0,4.2,0.0,11.0,11.0,2.0,0.0,10.0,8.0,44.0,18.0
16,90.0,20.0,10.0,18.0,5.0,8.0,0.5,44.61,250600.0,0.0,PASS,steam_min; coal_max; bio_min; bio_max; waste_available; solar_available; flex_min,0.0,4.140000000000015,65.0,0.0,0.0,0.0,10.0,35.0,18.0,0.0,5.0,0.0,8.0,14.0,0.0,2.0,10.0,8.0,41.0,20.0
17,90.0,20.0,8.0,16.0,3.0,9.7,0.5,45.904,257720.0,0.0,PASS,steam_min; coal_max; bio_min; bio_max; waste_available; solar_available; flex_min,0.0,4.02000000000001,65.0,0.0,0.0,0.0,8.0,37.0,16.0,0.0,3.0,0.0,9.7,12.3,0.0,2.0,10.0,8.0,43.0,18.0
18,86.0,28.0,0.0,14.0,1.0,10.8,0.0,44.694,250920.0,0.0,PASS,steam_min; gas_min; waste_available; solar_available; flex_min; bio_ramp,0.0,3.8400000000000034,61.0,4.0,8.0,37.0,0.0,45.0,14.0,0.0,1.0,0.0,10.8,11.2,0.0,2.5,6.0,0.0,37.0,18.0
19,76.0,32.0,0.0,12.0,0.0,11.5,0.0,41.98199999999999,258100.0,0.0,PASS,steam_min; gas_min; waste_available; solar_min; solar_available; flex_min; coal_ramp,0.0,3.6000000000000085,51.0,14.0,12.0,33.0,0.0,45.0,12.0,0.0,0.0,0.0,11.5,10.5,0.0,2.5,0.0,4.0,45.0,18.0
20,70.0,32.0,0.0,10.0,0.0,10.8,0.0,39.33,243180.0,0.0,PASS,steam_min; gas_min; waste_available; solar_min; solar_available; flex_min,0.0,3.3599999999999994,45.0,20.0,12.0,33.0,0.0,45.0,10.0,0.0,0.0,0.0,10.8,11.2,0.0,2.5,4.0,8.0,45.0,18.0
21,64.0,32.0,0.0,10.0,0.0,10.0,0.0,36.336,227440.0,0.0,PASS,steam_min; gas_min; waste_available; solar_min; solar_available; flex_min,0.0,3.180000000000007,39.0,26.0,12.0,33.0,0.0,45.0,10.0,0.0,0.0,0.0,10.0,12.0,0.0,2.5,4.0,8.0,45.0,20.0
22,60.0,32.0,0.0,8.0,0.0,9.4,0.0,33.952,216400.0,0.0,PASS,steam_min; gas_min; waste_available; solar_min; solar_available; flex_min,0.0,3.0,35.0,30.0,12.0,33.0,0.0,45.0,8.0,0.0,0.0,0.0,9.4,12.6,0.0,2.5,6.0,8.0,45.0,18.0
23,56.0,32.0,0.0,8.0,0.0,8.9,0.0,31.672,186600.0,0.0,PASS,steam_min; gas_min; waste_available; solar_min; solar_available; flex_min; flex_max,0.0,2.8799999999999955,31.0,34.0,12.0,33.0,0.0,45.0,8.0,0.0,0.0,0.0,8.9,13.1,0.0,0.0,6.0,8.0,45.0,20.0
